"outcome","term","estimate","se","t","p","n_rows","n_id"
"O-SYS","SexM",-5.0157,3.2476,-1.5444480388229,0.124,686,178
"O-DIA","SexM",3.6741,2.4477,1.50108135755136,0.135,686,178
"K-SYS","SexM",-7.6364,3.3054,-2.31027123819384,0.0221,686,178
"K-DIA","SexM",3.2959,2.1449,1.53663576164008,0.126,686,178
