"model","term","estimate","se","z","p","OR","OR_low","OR_high","n_patient","n_event"
"glm","(Intercept)",-0.6763,0.3526,-1.91765131375688,0.0552,0.5085,0.2548,1.015,197,65
"glm","AfYes",1.5328,0.4525,3.38740218728766,0.000706,4.6309,1.9077,11.2417,197,65
"glm","HR_z",0.2847,0.1771,1.60737654061712,0.108,1.3293,0.9395,1.8809,197,65
"glm","arm_z",-0.3352,0.1808,-1.85329667322257,0.0638,0.7152,0.5018,1.0195,197,65
"glm","Age_z",0.4192,0.192,2.18410632761124,0.029,1.5208,1.044,2.2155,197,65
"glm","SexM",-0.4824,0.4002,-1.20522582263863,0.228,0.6173,0.2817,1.3527,197,65
