"subgroup","level","estimate","se","df","lower","upper","p"
"HR_continuous","per 1 bpm",0.025619865666867,0.0213611190393458,NA,-0.0162479276502507,0.0674876589839848,0.231445818064461
