"subgroup","level","estimate","se","df","lower","upper","p"
"HR_continuous","per 1 bpm",0.0776327400132194,0.0290904493823537,NA,0.0206154592238062,0.134650020802633,0.00795966579072565
