"subgroup","level","estimate","se","df","lower","upper","p"
"HR_continuous","per 1 bpm",-0.0164767927882815,0.0173236520377153,NA,-0.0504311507822035,0.0174775652056405,0.342499248162938
