"subgroup","level","estimate","se","df","lower","upper","p"
"HR_continuous","per 1 bpm",0.02561986566687,0.0213611190393375,NA,-0.0162479276502314,0.0674876589839714,0.231445818064508
