"subgroup","level","estimate","se","df","lower","upper","p"
"HR_continuous","per 1 bpm",-0.0166048001878115,0.0257352695269938,NA,-0.0670459284607193,0.0338363280850963,0.51930843608875
